[{"id":1409335,"project_id":89102,"name":"Orange/yellow protective jackets","color":"#6351cc","type":"object","createdAt":"2022-12-04T21:21:46.000Z","updatedAt":"2022-12-04T21:21:46.000Z","attribute_groups":[]},{"id":1409334,"project_id":89102,"name":"Cars","color":"#38912c","type":"object","createdAt":"2022-12-04T21:21:13.000Z","updatedAt":"2022-12-04T21:21:13.000Z","attribute_groups":[]},{"id":1409333,"project_id":89102,"name":"Trucks","color":"#122c73","type":"object","createdAt":"2022-12-04T21:21:01.000Z","updatedAt":"2022-12-04T21:21:01.000Z","attribute_groups":[]},{"id":1409332,"project_id":89102,"name":"Vehicle's plates","color":"#aee6d7","type":"object","createdAt":"2022-12-04T21:20:33.000Z","updatedAt":"2022-12-04T21:20:33.000Z","attribute_groups":[]},{"id":1363804,"project_id":89102,"name":"Face","color":"#ee2fca","type":"object","createdAt":"2022-09-20T07:59:44.000Z","updatedAt":"2022-09-20T07:59:44.000Z","attribute_groups":[]},{"id":1166825,"project_id":89102,"name":"Person","color":"#2519fe","type":"object","createdAt":"2022-07-18T07:42:30.000Z","updatedAt":"2022-07-18T07:42:30.000Z","attribute_groups":[]},{"id":1166824,"project_id":89102,"name":"Helmets","color":"#7ED321","type":"object","createdAt":"2022-07-18T07:00:06.000Z","updatedAt":"2022-07-18T07:03:34.000Z","attribute_groups":[]},{"id":1166823,"project_id":89102,"name":"Aerial platforms","color":"#AB7383","type":"object","createdAt":"2022-07-18T06:59:52.000Z","updatedAt":"2022-07-18T07:00:49.000Z","attribute_groups":[]},{"id":1165465,"project_id":89102,"name":"excavator","color":"#eabe0b","type":"object","createdAt":"2022-07-12T16:42:57.000Z","updatedAt":"2022-07-12T16:42:57.000Z","attribute_groups":[]}]